outcome,trait,dataset,est,se,Data,name,pval,pval_text
ideology,Openness,anes1012,-0.14740975714000365,0.028225859287322977,ANES 2010-12,Left-right ideology,1.7651656374336606e-7,p < 0.01
stfdem,Conscientiousness,anes1012,NA,NA,ANES 2010-12,Sat. democracy,NA,p =  NA
polintr,Extraversion,anes1012,-0.003282562289469239,0.02854386723906998,ANES 2010-12,Interest,0.908444634510073,p =  0.91
poleff,Agreeableness,anes1012,0.06593900213840873,0.028164512689859277,ANES 2010-12,Efficacy,0.019221419094965286,p =  0.02
involvement,Neuroticism,anes1012,-0.08191448161438791,0.02898597648744193,ANES 2010-12,Involvement,0.004713269518758696,p < 0.01
polpar,Openness,anes1012,0.030895536860889816,0.029013178692194677,ANES 2010-12,Participation,0.2869304997613302,p =  0.29
media,Conscientiousness,anes1012,0.12804534047922406,0.028167610624969287,ANES 2010-12,Media use,5.471761169852572e-6,p < 0.01
poltr,Extraversion,anes1012,NA,NA,ANES 2010-12,Political trust,NA,p =  NA
knowledge,Agreeableness,anes1012,0.06575192823349832,0.02950387532501962,ANES 2010-12,Knowledge,0.02584145271351089,p =  0.03
ideology,Neuroticism,anes1012,-0.05298516742073575,0.028517602042546362,ANES 2010-12,Left-right ideology,0.06317168929696992,p =  0.06
stfdem,Openness,anes1012,NA,NA,ANES 2010-12,Sat. democracy,NA,p =  NA
polintr,Conscientiousness,anes1012,0.13732909697736914,0.028297373116060943,ANES 2010-12,Interest,1.215655280755657e-6,p < 0.01
poleff,Extraversion,anes1012,0.021393903417657997,0.02815397710715896,ANES 2010-12,Efficacy,0.44732081190979045,p =  0.45
involvement,Agreeableness,anes1012,0.09244710563519964,0.029150946905384743,ANES 2010-12,Involvement,0.0015174564465091497,p < 0.01
polpar,Neuroticism,anes1012,-0.0762237702711247,0.028962407225993376,ANES 2010-12,Participation,0.008492946958337046,p < 0.01
media,Openness,anes1012,0.054917079133498206,0.02836647857882449,ANES 2010-12,Media use,0.0528695290597828,p =  0.05
poltr,Conscientiousness,anes1012,NA,NA,ANES 2010-12,Political trust,NA,p =  NA
knowledge,Extraversion,anes1012,-0.04125965066997927,0.02912408458173962,ANES 2010-12,Knowledge,0.1565750756051849,p =  0.16
ideology,Agreeableness,anes1012,0.02200368527975181,0.028553741433333966,ANES 2010-12,Left-right ideology,0.44094048692573534,p =  0.44
stfdem,Neuroticism,anes1012,NA,NA,ANES 2010-12,Sat. democracy,NA,p =  NA
polintr,Openness,anes1012,0.1393205228708532,0.02834137158977654,ANES 2010-12,Interest,8.842049799280838e-7,p < 0.01
poleff,Conscientiousness,anes1012,0.02240553311165213,0.028222018886094873,ANES 2010-12,Efficacy,0.42725215781157133,p =  0.43
involvement,Extraversion,anes1012,0.06174780398871276,0.02909426502612035,ANES 2010-12,Involvement,0.03380953839116771,p =  0.03
polpar,Agreeableness,anes1012,0.07529550446852804,0.029182250049631677,ANES 2010-12,Participation,0.009874837269937304,p < 0.01
media,Neuroticism,anes1012,-0.10894892048406572,0.02824434658360962,ANES 2010-12,Media use,1.146131814607189e-4,p < 0.01
poltr,Openness,anes1012,NA,NA,ANES 2010-12,Political trust,NA,p =  NA
knowledge,Conscientiousness,anes1012,0.10910074769229708,0.029044478071644342,ANES 2010-12,Knowledge,1.7242085104038558e-4,p < 0.01
ideology,Extraversion,anes1012,-0.026019344437811873,0.028532903104756084,ANES 2010-12,Left-right ideology,0.3618178540835127,p =  0.36
stfdem,Agreeableness,anes1012,NA,NA,ANES 2010-12,Sat. democracy,NA,p =  NA
polintr,Neuroticism,anes1012,-0.13820985807677819,0.028343174389945738,ANES 2010-12,Interest,1.0809346489729141e-6,p < 0.01
poleff,Openness,anes1012,0.09119329674967747,0.028047604703064027,ANES 2010-12,Efficacy,0.001148480347536143,p < 0.01
involvement,Conscientiousness,anes1012,0.05353647124298913,0.02933119760775458,ANES 2010-12,Involvement,0.06796483998294145,p =  0.07
polpar,Extraversion,anes1012,-0.01836883224304967,0.028957779918767912,ANES 2010-12,Participation,0.525864497194348,p =  0.53
media,Agreeableness,anes1012,0.1042113384139102,0.028280127747351155,ANES 2010-12,Media use,2.287322454358274e-4,p < 0.01
poltr,Neuroticism,anes1012,NA,NA,ANES 2010-12,Political trust,NA,p =  NA
knowledge,Openness,anes1012,0.07484934975180103,0.02913552851850163,ANES 2010-12,Knowledge,0.010199066959246661,p =  0.01
ideology,Conscientiousness,anes1012,0.039829308190463576,0.028518417461119647,ANES 2010-12,Left-right ideology,0.16252875900558356,p =  0.16
stfdem,Extraversion,anes1012,NA,NA,ANES 2010-12,Sat. democracy,NA,p =  NA
polintr,Agreeableness,anes1012,0.08627057751608215,0.028429450774355044,ANES 2010-12,Interest,0.0024089516777119125,p < 0.01
poleff,Neuroticism,anes1012,-0.09529732538388257,0.028052049510009322,ANES 2010-12,Efficacy,6.808892208591614e-4,p < 0.01
involvement,Openness,anes1012,0.18734012523560445,0.028596028263679633,ANES 2010-12,Involvement,5.705216595543877e-11,p < 0.01
polpar,Conscientiousness,anes1012,0.08497854521837077,0.029596886435901876,ANES 2010-12,Participation,0.004089182513467197,p < 0.01
media,Extraversion,anes1012,-0.033934353298239225,0.028434372147671267,ANES 2010-12,Media use,0.23270210544547038,p =  0.23
poltr,Agreeableness,anes1012,NA,NA,ANES 2010-12,Political trust,NA,p =  NA
knowledge,Neuroticism,anes1012,-0.16098377655311846,0.028978789420892406,ANES 2010-12,Knowledge,2.7724995062548447e-8,p < 0.01
ideology,Openness,anes12,-0.17243018881962102,0.01390073648114004,ANES 2012,Left-right ideology,2.473824181061322e-35,p < 0.01
stfdem,Conscientiousness,anes12,0.01210198286719837,0.013624792040842028,ANES 2012,Sat. democracy,0.37441570911155453,p =  0.37
polintr,Extraversion,anes12,0.07953584973120165,0.013452871800825135,ANES 2012,Interest,3.376016614499923e-9,p < 0.01
poleff,Agreeableness,anes12,-0.0028621190715198363,0.013552008223823877,ANES 2012,Efficacy,0.8327349570348583,p =  0.83
involvement,Neuroticism,anes12,-0.10215897397519158,0.013483494364895321,ANES 2012,Involvement,3.547423787531061e-14,p < 0.01
polpar,Openness,anes12,0.04744370585045908,0.018434169733284874,ANES 2012,Participation,0.010062247222824073,p =  0.01
media,Conscientiousness,anes12,0.07945037773601804,0.013551402198507936,ANES 2012,Media use,4.548801290927502e-9,p < 0.01
poltr,Extraversion,anes12,0.03189467653658636,0.019191702850678224,ANES 2012,Political trust,0.09653297749624523,p =  0.1
knowledge,Agreeableness,anes12,0.06170195113267078,0.013503615022953564,ANES 2012,Knowledge,4.893761204925091e-6,p < 0.01
ideology,Neuroticism,anes12,-0.018518809097314768,0.014103411304462026,ANES 2012,Left-right ideology,0.18915833882113464,p =  0.19
stfdem,Openness,anes12,0.036493304752296674,0.013593560985155937,ANES 2012,Sat. democracy,0.007261616190926857,p < 0.01
polintr,Conscientiousness,anes12,0.11139114106463001,0.013439789094089258,ANES 2012,Interest,1.1501245229103597e-16,p < 0.01
poleff,Extraversion,anes12,0.00788342171878932,0.01352520870460739,ANES 2012,Efficacy,0.5599816477372568,p =  0.56
involvement,Agreeableness,anes12,0.09255067821348112,0.013500106663971105,ANES 2012,Involvement,7.103786031353314e-12,p < 0.01
polpar,Neuroticism,anes12,-0.05410733928843313,0.01850738051008156,ANES 2012,Participation,0.0034605941556746815,p < 0.01
media,Openness,anes12,-0.0022162394343189077,0.013592001288949912,ANES 2012,Media use,0.8704753814956424,p =  0.87
poltr,Conscientiousness,anes12,-0.02226889991437777,0.01928733392059695,ANES 2012,Political trust,0.24825970099051473,p =  0.25
knowledge,Extraversion,anes12,-0.019262834487348304,0.01351573319876655,ANES 2012,Knowledge,0.15409487358348753,p =  0.15
ideology,Agreeableness,anes12,-0.014256524974366927,0.014129747644534459,ANES 2012,Left-right ideology,0.3129878851323412,p =  0.31
stfdem,Neuroticism,anes12,-0.0780427865623943,0.013554433419065742,ANES 2012,Sat. democracy,8.52518745701679e-9,p < 0.01
polintr,Openness,anes12,0.13550504672245664,0.013392852428847525,ANES 2012,Interest,4.610594818477964e-24,p < 0.01
poleff,Conscientiousness,anes12,-4.76229676870737e-4,0.013578102324938843,ANES 2012,Efficacy,0.9720212436314725,p =  0.97
involvement,Extraversion,anes12,0.12141871662679703,0.013445161065285255,ANES 2012,Involvement,1.7063503595908196e-19,p < 0.01
polpar,Agreeableness,anes12,0.04219434318990086,0.018577703846869794,ANES 2012,Participation,0.023132716650192973,p =  0.02
media,Neuroticism,anes12,-0.0374326951509099,0.013563025805834683,ANES 2012,Media use,0.005781774903952602,p < 0.01
poltr,Openness,anes12,0.029205602842398665,0.01932336230933422,ANES 2012,Political trust,0.13068297140494517,p =  0.13
knowledge,Conscientiousness,anes12,0.1414083799965073,0.013406521581917272,ANES 2012,Knowledge,5.203874555137786e-26,p < 0.01
ideology,Extraversion,anes12,-0.027730656886900754,0.013918612471448018,ANES 2012,Left-right ideology,0.04633338351911238,p =  0.05
stfdem,Agreeableness,anes12,0.057859356925219506,0.013574382306690443,ANES 2012,Sat. democracy,2.0224902748899253e-5,p < 0.01
polintr,Neuroticism,anes12,-0.13336330688309653,0.013376941063858935,ANES 2012,Interest,2.06974537283149e-23,p < 0.01
poleff,Openness,anes12,-0.0010423491442754969,0.013542217020538363,ANES 2012,Efficacy,0.9386471345696811,p =  0.94
involvement,Conscientiousness,anes12,0.07917242690038871,0.013558271488168796,ANES 2012,Involvement,5.23832052642727e-9,p < 0.01
polpar,Extraversion,anes12,-0.005273017754259856,0.018220803873865495,ANES 2012,Participation,0.7722787757379528,p =  0.77
media,Agreeableness,anes12,0.05843879480320643,0.013556954574524495,ANES 2012,Media use,1.6280205634078118e-5,p < 0.01
poltr,Neuroticism,anes12,-0.04916880684210667,0.01955664747601049,ANES 2012,Political trust,0.011931168648318098,p =  0.01
knowledge,Openness,anes12,0.06815282820386397,0.013503083003156656,ANES 2012,Knowledge,4.4832020835588015e-7,p < 0.01
ideology,Conscientiousness,anes12,0.07223654287214855,0.014268852516183319,ANES 2012,Left-right ideology,4.137214891526499e-7,p < 0.01
stfdem,Extraversion,anes12,0.03775716875832487,0.013556804636539448,ANES 2012,Sat. democracy,0.005350985182270646,p < 0.01
polintr,Agreeableness,anes12,0.0418050880527518,0.013496089729048122,ANES 2012,Interest,0.0019511404720645568,p < 0.01
poleff,Neuroticism,anes12,-0.02832807474277605,0.01352770652670955,ANES 2012,Efficacy,0.036253018577122174,p =  0.04
involvement,Openness,anes12,0.1678866945332141,0.013386982302762689,ANES 2012,Involvement,4.4510946124118094e-36,p < 0.01
polpar,Conscientiousness,anes12,0.0795345671484117,0.019035607145095314,ANES 2012,Participation,2.9382567954462368e-005,p < 0.01
media,Extraversion,anes12,0.06391278492013382,0.013543007355538593,ANES 2012,Media use,2.3672027579821293e-6,p < 0.01
poltr,Agreeableness,anes12,0.0354022524088996,0.01972431109642168,ANES 2012,Political trust,0.07267701513494058,p =  0.07
knowledge,Neuroticism,anes12,-0.1348257444708382,0.013395220086212477,ANES 2012,Knowledge,7.871668846845913e-24,p < 0.01
ideology,Openness,anes16,-0.2532565476338491,0.018359991114749886,ANES 2016,Left-right ideology,2.7721165951624358e-43,p < 0.01
stfdem,Conscientiousness,anes16,0.08567405490387821,0.016739527619938487,ANES 2016,Sat. democracy,3.0867992483952164e-7,p < 0.01
polintr,Extraversion,anes16,0.09314021621079811,0.0164533223142776,ANES 2016,Interest,1.506022872775991e-8,p < 0.01
poleff,Agreeableness,anes16,0.054882486218372654,0.01676658545953838,ANES 2016,Efficacy,0.001062901217023388,p < 0.01
involvement,Neuroticism,anes16,-0.052707790538255604,0.0167742151702662,ANES 2016,Involvement,0.0016768851878009984,p < 0.01
polpar,Openness,anes16,0.012315212372414572,0.019618901222466293,ANES 2016,Participation,0.5301861890241928,p =  0.53
media,Conscientiousness,anes16,0.09465934820637277,0.016455791019278947,ANES 2016,Media use,8.801518663502046e-9,p < 0.01
poltr,Extraversion,anes16,-0.0067498531117202035,0.01666544789414998,ANES 2016,Political trust,0.6854622185406611,p =  0.69
knowledge,Agreeableness,anes16,0.10024678367532114,0.016590339946434114,ANES 2016,Knowledge,1.5176394059192285e-9,p < 0.01
ideology,Neuroticism,anes16,-0.06838808381613294,0.019147026591477736,ANES 2016,Left-right ideology,3.546256433661213e-4,p < 0.01
stfdem,Openness,anes16,-0.07125063180189711,0.016734975275938917,ANES 2016,Sat. democracy,2.066442237714076e-5,p < 0.01
polintr,Conscientiousness,anes16,0.12639764614965507,0.016408907268854828,ANES 2016,Interest,1.3291892145179738e-14,p < 0.01
poleff,Extraversion,anes16,0.051782731866608915,0.016756754480616743,ANES 2016,Efficacy,0.001999811999646229,p < 0.01
involvement,Agreeableness,anes16,0.05823921995262477,0.01678073748602414,ANES 2016,Involvement,5.192978120713581e-4,p < 0.01
polpar,Neuroticism,anes16,-0.03585688682315296,0.019602540255254673,ANES 2016,Participation,0.06737026217115624,p =  0.07
media,Openness,anes16,0.03074303912577742,0.016525890683183754,ANES 2016,Media use,0.06284373796816108,p =  0.06
poltr,Conscientiousness,anes16,0.05010188754568683,0.016695216351626425,ANES 2016,Political trust,0.00269118741485885,p < 0.01
knowledge,Extraversion,anes16,0.015125688317417844,0.016666049204094327,ANES 2016,Knowledge,0.36410284854121594,p =  0.36
ideology,Agreeableness,anes16,-0.023569080023583475,0.019044823836919876,ANES 2016,Left-right ideology,0.2158798804114069,p =  0.22
stfdem,Neuroticism,anes16,-0.11273579643175383,0.016654827232010172,ANES 2016,Sat. democracy,1.2971478089495241e-11,p < 0.01
polintr,Openness,anes16,0.11180464193037767,0.016433091592817237,ANES 2016,Interest,1.0201677068644788e-11,p < 0.01
poleff,Conscientiousness,anes16,0.024211375246731306,0.016805254501982215,ANES 2016,Efficacy,0.1496686966529873,p =  0.15
involvement,Extraversion,anes16,0.06239217870336975,0.01676475421724477,ANES 2016,Involvement,1.9794248485792174e-4,p < 0.01
polpar,Agreeableness,anes16,0.0443363293655501,0.019175260658913746,ANES 2016,Participation,0.020768699111068316,p =  0.02
media,Neuroticism,anes16,-0.08056526504320598,0.016453250730177102,ANES 2016,Media use,9.750067223872747e-7,p < 0.01
poltr,Openness,anes16,0.05518048902041329,0.016666063418404473,ANES 2016,Political trust,9.298009280667418e-4,p < 0.01
knowledge,Conscientiousness,anes16,0.16953652811567774,0.016442802410531702,ANES 2016,Knowledge,6.305142361363477e-25,p < 0.01
ideology,Extraversion,anes16,0.0032145169756047213,0.01846970969239645,ANES 2016,Left-right ideology,0.8618319542235586,p =  0.86
stfdem,Agreeableness,anes16,0.0875992333629943,0.016705002649525326,ANES 2016,Sat. democracy,1.572240678693302e-7,p < 0.01
polintr,Neuroticism,anes16,-0.11730168569562541,0.016405795483338887,ANES 2016,Interest,8.676834526816263e-13,p < 0.01
poleff,Openness,anes16,0.016177664114179927,0.01680685587265991,ANES 2016,Efficacy,0.335766678761769,p =  0.34
involvement,Conscientiousness,anes16,0.01851461038312611,0.01685299371611501,ANES 2016,Involvement,0.2719448696080062,p =  0.27
polpar,Extraversion,anes16,-0.009927830550887128,0.01908040396772859,ANES 2016,Participation,0.60284367170727,p =  0.6
media,Agreeableness,anes16,0.05078637898561225,0.01649499506789848,ANES 2016,Media use,0.0020776900125847103,p < 0.01
poltr,Neuroticism,anes16,0.019404535581115608,0.01666424295350891,ANES 2016,Political trust,0.2442451494317968,p =  0.24
knowledge,Openness,anes16,0.11485993286129254,0.016569216623350754,ANES 2016,Knowledge,4.145561679806492e-12,p < 0.01
ideology,Conscientiousness,anes16,0.09070535152108382,0.01945959392248964,ANES 2016,Left-right ideology,3.1434809954981217e-6,p < 0.01
stfdem,Extraversion,anes16,0.022795194349699902,0.016745963442045226,ANES 2016,Sat. democracy,0.17343938389200292,p =  0.17
polintr,Agreeableness,anes16,0.08346968253766145,0.016474809768239642,ANES 2016,Interest,4.0518915134115034e-7,p < 0.01
poleff,Neuroticism,anes16,-0.07062397127872685,0.016740840039248868,ANES 2016,Efficacy,2.457546995891688e-5,p < 0.01
involvement,Openness,anes16,0.1506711258633681,0.01663845860730496,ANES 2016,Involvement,1.3582648220783046e-19,p < 0.01
polpar,Conscientiousness,anes16,0.0476451372280784,0.020139914390037494,ANES 2016,Participation,0.01799567819829888,p =  0.02
media,Extraversion,anes16,0.03633691368641793,0.016504103545649684,ANES 2016,Media use,0.02768723949328729,p =  0.03
poltr,Agreeableness,anes16,0.03006908915406042,0.016677628304735435,ANES 2016,Political trust,0.07139456820362261,p =  0.07
knowledge,Neuroticism,anes16,-0.16127952915424046,0.01644370617147754,ANES 2016,Knowledge,1.04030887072498e-22,p < 0.01
ideology,Openness,bes,-0.14491738996056744,0.0070279374729830335,BES,Left-right ideology,1.8085543859677705e-94,p < 0.01
stfdem,Conscientiousness,bes,0.0898658864389182,0.006808891839731043,BES,Sat. democracy,8.972176803530115e-40,p < 0.01
polintr,Extraversion,bes,0.050851293342122614,0.0062641068201354615,BES,Interest,4.743813776885073e-16,p < 0.01
poleff,Agreeableness,bes,0.016981598496514882,0.006739648391935368,BES,Efficacy,0.011746942638885148,p =  0.01
involvement,Neuroticism,bes,-0.011711054548462989,0.007270695879148835,BES,Involvement,0.10724078604855104,p =  0.11
polpar,Openness,bes,0.009154221977759376,0.006134828445656832,BES,Participation,0.1356539433169035,p =  0.14
media,Conscientiousness,bes,0.028729375859431243,0.006744309815434348,BES,Media use,2.0461466791290313e-5,p < 0.01
poltr,Extraversion,bes,0.06315619468585842,0.012749766630801119,BES,Political trust,7.288372494002185e-7,p < 0.01
knowledge,Agreeableness,bes,-0.021835332251416706,0.006470462214287941,BES,Knowledge,7.39184676722239e-4,p < 0.01
ideology,Neuroticism,bes,-0.09040303291005762,0.007160627076946032,BES,Left-right ideology,1.537097982213295e-36,p < 0.01
stfdem,Openness,bes,-0.11975368175569985,0.0066951029515115055,BES,Sat. democracy,1.495625127497724e-71,p < 0.01
polintr,Conscientiousness,bes,0.03984041960298936,0.006334655405700393,BES,Interest,3.1894238096957085e-10,p < 0.01
poleff,Extraversion,bes,0.10795490544459341,0.006734149362127859,BES,Efficacy,7.766859040316962e-58,p < 0.01
involvement,Agreeableness,bes,0.008464002794067923,0.0072561753581205785,BES,Involvement,0.24343048978609838,p =  0.24
polpar,Neuroticism,bes,-0.04388606202654523,0.0061364962622643335,BES,Participation,8.574212546370554e-13,p < 0.01
media,Openness,bes,0.05013038480477114,0.006652527792313517,BES,Media use,4.863205921913805e-14,p < 0.01
poltr,Conscientiousness,bes,0.041099584456926956,0.012992474315459012,BES,Political trust,0.0015597126525387765,p < 0.01
knowledge,Extraversion,bes,-0.035597334025321184,0.006488691340054994,BES,Knowledge,4.1100307960842557e-8,p < 0.01
ideology,Agreeableness,bes,-0.039260189020723445,0.007147136910611459,BES,Left-right ideology,3.9486036851506524e-8,p < 0.01
stfdem,Neuroticism,bes,-0.08601688144015097,0.006780017106463506,BES,Sat. democracy,6.996616130353287e-37,p < 0.01
polintr,Openness,bes,0.09565914080914939,0.006243115999042973,BES,Interest,5.423020497286787e-53,p < 0.01
poleff,Conscientiousness,bes,0.053549891094666575,0.006848128043065403,BES,Efficacy,5.2974915722419756e-15,p < 0.01
involvement,Extraversion,bes,0.06735492781226379,0.0072708434285590606,BES,Involvement,1.974641185370887e-20,p < 0.01
polpar,Agreeableness,bes,0.041587661283755226,0.00610563889812502,BES,Participation,9.6685120649275e-12,p < 0.01
media,Neuroticism,bes,-0.012042091790921139,0.006698684956293285,BES,Media use,0.07222773688259897,p =  0.07
poltr,Openness,bes,-0.03558219190286318,0.012905791343462748,BES,Political trust,0.005832156399223266,p < 0.01
knowledge,Conscientiousness,bes,0.08242960166663321,0.006526211179959657,BES,Knowledge,1.4328305107282104e-36,p < 0.01
ideology,Extraversion,bes,0.011009529243831225,0.007078329899038717,BES,Left-right ideology,0.1198543675911326,p =  0.12
stfdem,Agreeableness,bes,0.058893117993021944,0.006764272593552154,BES,Sat. democracy,3.1341068324078594e-18,p < 0.01
polintr,Neuroticism,bes,-0.039177132490677016,0.00629027195682717,BES,Interest,4.717954658117494e-10,p < 0.01
poleff,Openness,bes,0.12440899325006305,0.006688172852127956,BES,Efficacy,3.1336172989907417e-77,p < 0.01
involvement,Conscientiousness,bes,-0.036557749695516124,0.007382030881668258,BES,Involvement,7.335581458100885e-7,p < 0.01
polpar,Extraversion,bes,0.007975675881412644,0.00614009772080541,BES,Participation,0.19396131542112205,p =  0.19
media,Agreeableness,bes,0.022665352555773417,0.006683499299928339,BES,Media use,6.957705323582718e-4,p < 0.01
poltr,Neuroticism,bes,-0.10101632152401537,0.012968434991605573,BES,Political trust,6.732839081848534e-15,p < 0.01
knowledge,Openness,bes,0.0020517262182033224,0.006448843967082107,BES,Knowledge,0.7503680398008095,p =  0.75
ideology,Conscientiousness,bes,0.12868801733149637,0.007110700545021534,BES,Left-right ideology,3.3166854487513995e-73,p < 0.01
stfdem,Extraversion,bes,0.005535729816565851,0.006750912477697132,BES,Sat. democracy,0.412217662218292,p =  0.41
polintr,Agreeableness,bes,0.007881589385429915,0.006265217754432904,BES,Interest,0.2083949050754094,p =  0.21
poleff,Neuroticism,bes,-0.11051658677347981,0.006734522227768544,BES,Efficacy,1.6098937502393138e-60,p < 0.01
involvement,Openness,bes,0.12100881069461525,0.007202295868953913,BES,Involvement,2.3826358983885714e-63,p < 0.01
polpar,Conscientiousness,bes,0.040233702319928,0.006228660106366823,BES,Participation,1.0508600499555508e-10,p < 0.01
media,Extraversion,bes,0.07774004721063127,0.006652503090043586,BES,Media use,1.5059394392507566e-31,p < 0.01
poltr,Agreeableness,bes,0.0354853735018928,0.012889736789511289,BES,Political trust,0.005905290212017838,p < 0.01
knowledge,Neuroticism,bes,-0.12337323428501328,0.0064845918375882085,BES,Knowledge,1.0468720945365274e-80,p < 0.01
ideology,Openness,liss,-0.09004704957574831,0.014459443877283264,LISS,Left-right ideology,4.737563218836302e-10,p < 0.01
stfdem,Conscientiousness,liss,0.05080432835442722,0.013753484268294033,LISS,Sat. democracy,2.2081965235443317e-4,p < 0.01
polintr,Extraversion,liss,0.13030812471238218,0.013325249485284364,LISS,Interest,1.3852047993173044e-22,p < 0.01
poleff,Agreeableness,liss,0.058651938221329886,0.013428062945828259,LISS,Efficacy,1.2546819835005544e-5,p < 0.01
involvement,Neuroticism,liss,-0.05004198155446378,0.01344097910940328,LISS,Involvement,1.967989440862774e-4,p < 0.01
polpar,Openness,liss,0.10605763061659751,0.014562911123278703,LISS,Participation,3.271513848994348e-13,p < 0.01
media,Conscientiousness,liss,0.04235986588929191,0.013425322004775243,LISS,Media use,0.0016037624675887061,p < 0.01
poltr,Extraversion,liss,0.032740193403367826,0.013555173637203117,LISS,Political trust,0.015721036079189326,p =  0.02
knowledge,Agreeableness,liss,NA,NA,LISS,Knowledge,NA,p =  NA
ideology,Neuroticism,liss,-0.04002949020175571,0.014551153425002255,LISS,Left-right ideology,0.005942277876348949,p < 0.01
stfdem,Openness,liss,0.13078162794218398,0.013702856291879777,LISS,Sat. democracy,1.372754323648316e-21,p < 0.01
polintr,Conscientiousness,liss,0.09092934075437646,0.013384755702302385,LISS,Interest,1.0944507415442157e-11,p < 0.01
poleff,Extraversion,liss,0.15660321106524977,0.013288921041177931,LISS,Efficacy,4.692293065653531e-32,p < 0.01
involvement,Agreeableness,liss,0.0341351003548707,0.013449291787667784,LISS,Involvement,0.011146908891668687,p =  0.01
polpar,Neuroticism,liss,-0.05154270348333442,0.01478460507332625,LISS,Participation,4.898585958092549e-4,p < 0.01
media,Openness,liss,0.18575366634119578,0.013202236162964984,LISS,Media use,5.818124361223181e-45,p < 0.01
poltr,Conscientiousness,liss,0.08025919360836746,0.013551639742917638,LISS,Political trust,3.1713971311077452e-9,p < 0.01
knowledge,Extraversion,liss,NA,NA,LISS,Knowledge,NA,p =  NA
ideology,Agreeableness,liss,-0.10342841453712222,0.014429510475056608,LISS,Left-right ideology,7.619057287873116e-13,p < 0.01
stfdem,Neuroticism,liss,-0.12547450698515866,0.013712729861508663,LISS,Sat. democracy,5.681726114786417e-20,p < 0.01
polintr,Openness,liss,0.2949970471527401,0.01283733066863724,LISS,Interest,7.452763427735711e-117,p < 0.01
poleff,Conscientiousness,liss,0.05036408049985296,0.013434048147753648,LISS,Efficacy,1.7754983260487067e-4,p < 0.01
involvement,Extraversion,liss,0.1269836957052828,0.013350091688908189,LISS,Involvement,1.873519058317794e-21,p < 0.01
polpar,Agreeableness,liss,0.03834645185209817,0.014758856200719555,LISS,Participation,0.00937140471380819,p < 0.01
media,Neuroticism,liss,-0.1138132571084909,0.013350358466784234,LISS,Media use,1.526663833021053e-17,p < 0.01
poltr,Openness,liss,0.07673097304476634,0.01353552140615047,LISS,Political trust,1.437509395498771e-8,p < 0.01
knowledge,Conscientiousness,liss,NA,NA,LISS,Knowledge,NA,p =  NA
ideology,Extraversion,liss,0.03101240763107537,0.014434431510684334,LISS,Left-right ideology,0.03167388304886845,p =  0.03
stfdem,Agreeableness,liss,0.07037845381200346,0.013735705600461674,LISS,Sat. democracy,2.995027581901766e-7,p < 0.01
polintr,Neuroticism,liss,-0.119721997134048,0.013341504124692696,LISS,Interest,2.868460216563345e-19,p < 0.01
poleff,Openness,liss,0.36068328319590726,0.01253768600824577,LISS,Efficacy,5.4049165714182996e-182,p < 0.01
involvement,Conscientiousness,liss,-0.007488695956690945,0.013454035391623865,LISS,Involvement,0.5777916180793924,p =  0.58
polpar,Extraversion,liss,0.0033472794721808806,0.014829015350814953,LISS,Participation,0.821415313606604,p =  0.82
media,Agreeableness,liss,0.014868035040352246,0.013437349066813958,LISS,Media use,0.2685227743597431,p =  0.27
poltr,Neuroticism,liss,-0.1158549015057193,0.013481908793763485,LISS,Political trust,8.446207185403561e-18,p < 0.01
knowledge,Openness,liss,NA,NA,LISS,Knowledge,NA,p =  NA
ideology,Conscientiousness,liss,0.0799699611151325,0.014432003862732237,LISS,Left-right ideology,3.004841944686316e-8,p < 0.01
stfdem,Extraversion,liss,0.053960326428660534,0.013726990538263434,LISS,Sat. democracy,8.460540805369894e-5,p < 0.01
polintr,Agreeableness,liss,0.06430667418334524,0.013409390775777361,LISS,Interest,1.6215244568909982e-6,p < 0.01
poleff,Neuroticism,liss,-0.15303461980045613,0.013293304903222836,LISS,Efficacy,1.1457556924179678e-30,p < 0.01
involvement,Openness,liss,0.21566619728812483,0.01312744137577449,LISS,Involvement,1.1927641525373143e-60,p < 0.01
polpar,Conscientiousness,liss,0.050183519718986026,0.014957034597880054,LISS,Participation,7.931381158207934e-4,p < 0.01
media,Extraversion,liss,0.089226928309913,0.013387231510312163,LISS,Media use,2.6452670041087712e-11,p < 0.01
poltr,Agreeableness,liss,0.06786335171059633,0.013518947657039466,LISS,Political trust,5.170662074171208e-7,p < 0.01
knowledge,Neuroticism,liss,NA,NA,LISS,Knowledge,NA,p =  NA
ideology,Openness,shp,-0.1236874486734273,0.013082214948613214,SHP,Left-right ideology,3.241789987226434e-21,p < 0.01
stfdem,Conscientiousness,shp,-0.0037370800094011576,0.012465244935000086,SHP,Sat. democracy,0.7643297411555061,p =  0.76
polintr,Extraversion,shp,-0.021845968080356673,0.012085170099460979,SHP,Interest,0.07065828042352265,p =  0.07
poleff,Agreeableness,shp,NA,NA,SHP,Efficacy,NA,p =  NA
involvement,Neuroticism,shp,NA,NA,SHP,Involvement,NA,p =  NA
polpar,Openness,shp,0.07470691216956825,0.013042382737231812,SHP,Participation,1.0161496143558813e-8,p < 0.01
media,Conscientiousness,shp,NA,NA,SHP,Media use,NA,p =  NA
poltr,Extraversion,shp,0.01255915826087259,0.0122116101335567,SHP,Political trust,0.30373327775932213,p =  0.3
knowledge,Agreeableness,shp,NA,NA,SHP,Knowledge,NA,p =  NA
ideology,Neuroticism,shp,-0.08828076112841847,0.012931991764789793,SHP,Left-right ideology,8.698695236558069e-12,p < 0.01
stfdem,Openness,shp,0.03463210760565356,0.012327283298124112,SHP,Sat. democracy,0.004963596345855482,p < 0.01
polintr,Conscientiousness,shp,0.021372568117666066,0.012337400134874835,SHP,Interest,0.08321309640219353,p =  0.08
poleff,Extraversion,shp,NA,NA,SHP,Efficacy,NA,p =  NA
involvement,Agreeableness,shp,NA,NA,SHP,Involvement,NA,p =  NA
polpar,Neuroticism,shp,-0.04934699770588716,0.012961174806240615,SHP,Participation,1.404959193794141e-4,p < 0.01
media,Openness,shp,NA,NA,SHP,Media use,NA,p =  NA
poltr,Conscientiousness,shp,0.010182196267188257,0.012483167602269226,SHP,Political trust,0.41468656671412935,p =  0.41
knowledge,Extraversion,shp,NA,NA,SHP,Knowledge,NA,p =  NA
ideology,Agreeableness,shp,-0.005355509488881051,0.013187656250919144,SHP,Left-right ideology,0.684668998430463,p =  0.68
stfdem,Neuroticism,shp,-0.0553506463679378,0.01223549836412756,SHP,Sat. democracy,6.074619022072832e-6,p < 0.01
polintr,Openness,shp,0.13501914784051383,0.012074109192201065,SHP,Interest,4.965114859521024e-29,p < 0.01
poleff,Conscientiousness,shp,NA,NA,SHP,Efficacy,NA,p =  NA
involvement,Extraversion,shp,NA,NA,SHP,Involvement,NA,p =  NA
polpar,Agreeableness,shp,0.0350667074930807,0.013019252192723206,SHP,Participation,0.007071670779875594,p < 0.01
media,Neuroticism,shp,NA,NA,SHP,Media use,NA,p =  NA
poltr,Openness,shp,0.024075370683615534,0.012354246176021558,SHP,Political trust,0.051324964012982484,p =  0.05
knowledge,Conscientiousness,shp,NA,NA,SHP,Knowledge,NA,p =  NA
ideology,Extraversion,shp,0.05620612865073386,0.012919171887084021,SHP,Left-right ideology,1.3576650630272993e-5,p < 0.01
stfdem,Agreeableness,shp,0.07241922243329199,0.012261733105049697,SHP,Sat. democracy,3.5026662911169015e-9,p < 0.01
polintr,Neuroticism,shp,-0.05251780742266074,0.012148135595215631,SHP,Interest,1.5384032947182143e-5,p < 0.01
poleff,Openness,shp,NA,NA,SHP,Efficacy,NA,p =  NA
involvement,Conscientiousness,shp,NA,NA,SHP,Involvement,NA,p =  NA
polpar,Extraversion,shp,-0.012558742597707437,0.012911272610673867,SHP,Participation,0.33070443795349663,p =  0.33
media,Agreeableness,shp,NA,NA,SHP,Media use,NA,p =  NA
poltr,Neuroticism,shp,-0.04303787576100054,0.012270973677278316,SHP,Political trust,4.5269377387325226e-4,p < 0.01
knowledge,Openness,shp,NA,NA,SHP,Knowledge,NA,p =  NA
ideology,Conscientiousness,shp,0.10216600220760935,0.013229485736505472,SHP,Left-right ideology,1.139820783919312e-14,p < 0.01
stfdem,Extraversion,shp,0.014568665246205263,0.012183511353464184,SHP,Sat. democracy,0.23178671454472094,p =  0.23
polintr,Agreeableness,shp,0.0014519775970248683,0.01218386737954145,SHP,Interest,0.9051389752713023,p =  0.91
poleff,Neuroticism,shp,NA,NA,SHP,Efficacy,NA,p =  NA
involvement,Openness,shp,NA,NA,SHP,Involvement,NA,p =  NA
polpar,Conscientiousness,shp,0.06982695893910021,0.013265125493019154,SHP,Participation,1.409927168539909e-7,p < 0.01
media,Extraversion,shp,NA,NA,SHP,Media use,NA,p =  NA
poltr,Agreeableness,shp,0.10153173970015796,0.012262615139060615,SHP,Political trust,1.2340438983014475e-16,p < 0.01
knowledge,Neuroticism,shp,NA,NA,SHP,Knowledge,NA,p =  NA
ideology,Openness,lapop,-0.023602636598249634,0.006330782999756286,LAPOP,Left-right ideology,1.928267563624073e-4,p < 0.01
stfdem,Conscientiousness,lapop,0.1258367999115212,0.0054372845633729435,LAPOP,Sat. democracy,1.6974477932570232e-118,p < 0.01
polintr,Extraversion,lapop,0.08764675908135175,0.005352164054750638,LAPOP,Interest,2.840479491030676e-60,p < 0.01
poleff,Agreeableness,lapop,-0.0060873802364658286,0.005549472135788777,LAPOP,Efficacy,0.2726721692025895,p =  0.27
involvement,Neuroticism,lapop,0.008119245949991203,0.005505044048805418,LAPOP,Involvement,0.14024644047301887,p =  0.14
polpar,Openness,lapop,0.02713505353105591,0.005438566797959759,LAPOP,Participation,6.057470714906278e-7,p < 0.01
media,Conscientiousness,lapop,0.09365728805167566,0.005536242631329758,LAPOP,Media use,3.364798040135602e-64,p < 0.01
poltr,Extraversion,lapop,-0.05490518680681445,0.005293064614410006,LAPOP,Political trust,3.288817407617607e-25,p < 0.01
knowledge,Agreeableness,lapop,0.01588214840071679,0.005922172788257548,LAPOP,Knowledge,0.007322480628683637,p < 0.01
ideology,Neuroticism,lapop,-0.013920648347733598,0.006439019679876149,LAPOP,Left-right ideology,0.03062430813624794,p =  0.03
stfdem,Openness,lapop,0.1413953022159112,0.005396575617042894,LAPOP,Sat. democracy,2.5933074462248434e-151,p < 0.01
polintr,Conscientiousness,lapop,0.02446809007243695,0.00533301673715653,LAPOP,Interest,4.474285446234645e-6,p < 0.01
poleff,Extraversion,lapop,0.00944990181397289,0.005560428738341073,LAPOP,Efficacy,0.08922659998892307,p =  0.09
involvement,Agreeableness,lapop,-0.0025237618994425723,0.005585286658770852,LAPOP,Involvement,0.6513705813080318,p =  0.65
polpar,Neuroticism,lapop,-0.041929063140243146,0.00544950619384494,LAPOP,Participation,1.424899955833559e-14,p < 0.01
media,Openness,lapop,0.10507559998417995,0.005428231215821509,LAPOP,Media use,1.771084440025887e-83,p < 0.01
poltr,Conscientiousness,lapop,0.011116974846364522,0.005254757839094455,LAPOP,Political trust,0.034378693442073546,p =  0.03
knowledge,Extraversion,lapop,0.05512986040081694,0.005944216299607578,LAPOP,Knowledge,1.783903265633897e-20,p < 0.01
ideology,Agreeableness,lapop,0.03278070708469589,0.006494555228716463,LAPOP,Left-right ideology,4.4783093002021533e-7,p < 0.01
stfdem,Neuroticism,lapop,-0.09805418293877453,0.005429258747740765,LAPOP,Sat. democracy,6.543501927354957e-73,p < 0.01
polintr,Openness,lapop,0.09832448094976486,0.005244136369823405,LAPOP,Interest,1.9573793868004845e-78,p < 0.01
poleff,Conscientiousness,lapop,0.013122021493150117,0.0055001791636915785,LAPOP,Efficacy,0.017044594013227134,p =  0.02
involvement,Extraversion,lapop,0.038841902418296506,0.005581250274625548,LAPOP,Involvement,3.4183396223318764e-12,p < 0.01
polpar,Agreeableness,lapop,0.041372640220559524,0.00552161673558467,LAPOP,Participation,6.739444203215638e-14,p < 0.01
media,Neuroticism,lapop,-0.052993819110023946,0.005536152026264523,LAPOP,Media use,1.0453310573243861e-21,p < 0.01
poltr,Openness,lapop,-0.04896828267854718,0.005205108178450498,LAPOP,Political trust,5.06939031206164e-21,p < 0.01
knowledge,Conscientiousness,lapop,0.03887228912651872,0.00596481230892539,LAPOP,Knowledge,7.175890090175028e-11,p < 0.01
ideology,Extraversion,lapop,-0.01715962253069662,0.00656059816376716,LAPOP,Left-right ideology,0.008908188897353229,p < 0.01
stfdem,Agreeableness,lapop,0.08235929879740611,0.0055084283843797556,LAPOP,Sat. democracy,1.5226686010154941e-50,p < 0.01
polintr,Neuroticism,lapop,-0.01563893487054348,0.005301400266522014,LAPOP,Interest,0.0031781194127923737,p < 0.01
poleff,Openness,lapop,0.020965862252431633,0.005460681545308602,LAPOP,Efficacy,1.2332417266309358e-4,p < 0.01
involvement,Conscientiousness,lapop,0.0184237036086583,0.005551697474273149,LAPOP,Involvement,9.047923739028339e-4,p < 0.01
polpar,Extraversion,lapop,0.03498841438152699,0.005528347245073514,LAPOP,Participation,2.4689841583737253e-10,p < 0.01
media,Agreeableness,lapop,0.041707772599893576,0.0055811143717066185,LAPOP,Media use,7.837564762694988e-14,p < 0.01
poltr,Neuroticism,lapop,-0.025940005044607046,0.005229380964645678,LAPOP,Political trust,7.033544726510373e-7,p < 0.01
knowledge,Openness,lapop,0.10230318351232849,0.005912846175017284,LAPOP,Knowledge,4.555153726541677e-67,p < 0.01
ideology,Conscientiousness,lapop,0.019930468991734326,0.0063325665519553525,LAPOP,Left-right ideology,0.0016478737199921193,p < 0.01
stfdem,Extraversion,lapop,0.091672403312007,0.005515155340248839,LAPOP,Sat. democracy,4.836865690472501e-62,p < 0.01
polintr,Agreeableness,lapop,-0.039639239284525375,0.005360217320703865,LAPOP,Interest,1.4132249274765516e-13,p < 0.01
poleff,Neuroticism,lapop,-0.030957957341666502,0.005476590741892356,LAPOP,Efficacy,1.5787420771065824e-8,p < 0.01
involvement,Openness,lapop,0.02248376413139119,0.0054874489477796,LAPOP,Involvement,4.179840276535592e-5,p < 0.01
polpar,Conscientiousness,lapop,0.06350573722319923,0.005477619093351927,LAPOP,Participation,4.436771894426021e-31,p < 0.01
media,Extraversion,lapop,0.07435090333701641,0.005537590478959394,LAPOP,Media use,4.2247468735393257e-41,p < 0.01
poltr,Agreeableness,lapop,0.04916381312888119,0.005282490447898776,LAPOP,Political trust,1.3157016556701348e-20,p < 0.01
knowledge,Neuroticism,lapop,-0.03773711522901764,0.005856262130273404,LAPOP,Knowledge,1.1644867963757385e-10,p < 0.01
ideology,Openness,sels,-0.1612959140404698,0.012238089799084834,SELECTS,Left-right ideology,1.1465248277171741e-39,p < 0.01
stfdem,Conscientiousness,sels,4.6415204491333527e-4,0.01166612134636782,SELECTS,Sat. democracy,0.968263482117306,p =  0.97
polintr,Extraversion,sels,0.08328511173580752,0.011443734780151472,SELECTS,Interest,3.3933009997988855e-13,p < 0.01
poleff,Agreeableness,sels,0.08102073480929926,0.01274868124482512,SELECTS,Efficacy,2.0812207657121385e-10,p < 0.01
involvement,Neuroticism,sels,-0.031219496751952566,0.01180996389946958,SELECTS,Involvement,0.00820566967364912,p < 0.01
polpar,Openness,sels,0.02961616328514,0.011113717055580228,SELECTS,Participation,0.007702731923223035,p < 0.01
media,Conscientiousness,sels,0.10451583684002654,0.011645478408254015,SELECTS,Media use,2.838676510402511e-19,p < 0.01
poltr,Extraversion,sels,0.026869500486370386,0.011728070728804503,SELECTS,Political trust,0.02196099515150252,p =  0.02
knowledge,Agreeableness,sels,-0.015507568469435356,0.012587578992414344,SELECTS,Knowledge,0.2179588432337725,p =  0.22
ideology,Neuroticism,sels,-0.04899915269907776,0.012269789816426409,SELECTS,Left-right ideology,6.511074179353161e-5,p < 0.01
stfdem,Openness,sels,-0.03355121814687663,0.011643574774520044,SELECTS,Sat. democracy,0.003957594680128319,p < 0.01
polintr,Conscientiousness,sels,0.029750223358958466,0.011516397403312012,SELECTS,Interest,0.009786230717660356,p < 0.01
poleff,Extraversion,sels,0.01588105359857109,0.012764131325889464,SELECTS,Efficacy,0.21342822948664486,p =  0.21
involvement,Agreeableness,sels,-0.0057786284035414,0.011796505449116772,SELECTS,Involvement,0.6242334349651852,p =  0.62
polpar,Neuroticism,sels,-0.07049908066791555,0.011077733150723855,SELECTS,Participation,1.9652142274707816e-10,p < 0.01
media,Openness,sels,0.020205584162511014,0.011685367673272676,SELECTS,Media use,0.0837848455235816,p =  0.08
poltr,Conscientiousness,sels,0.022926671577917366,0.01178068187514255,SELECTS,Political trust,0.051639807120590936,p =  0.05
knowledge,Extraversion,sels,0.01605676057743549,0.012560840164398148,SELECTS,Knowledge,0.20113697288528198,p =  0.2
ideology,Agreeableness,sels,-0.11089222900325638,0.012251672849221192,SELECTS,Left-right ideology,1.41417555726039e-19,p < 0.01
stfdem,Neuroticism,sels,-0.04280513721498985,0.01162863201464655,SELECTS,Sat. democracy,2.3230981726584505e-4,p < 0.01
polintr,Openness,sels,0.10519462997818682,0.011447770134640638,SELECTS,Interest,3.961657789526203e-20,p < 0.01
poleff,Conscientiousness,sels,-0.05533964735123017,0.012926210608994713,SELECTS,Efficacy,1.8589113822128607e-5,p < 0.01
involvement,Extraversion,sels,0.10593080810937436,0.0117231535616132,SELECTS,Involvement,1.6245994163264383e-19,p < 0.01
polpar,Agreeableness,sels,-0.0018301779067852147,0.011095310239343494,SELECTS,Participation,0.8689828771743565,p =  0.87
media,Neuroticism,sels,-0.04176608948488237,0.01165729745927847,SELECTS,Media use,3.398946752507602e-4,p < 0.01
poltr,Openness,sels,0.04834356042331157,0.0117644215840503,SELECTS,Political trust,3.968569160027261e-5,p < 0.01
knowledge,Conscientiousness,sels,0.01604601248772857,0.012712028626785474,SELECTS,Knowledge,0.20685164463771288,p =  0.21
ideology,Extraversion,sels,0.031394500103326894,0.012346248447776344,SELECTS,Left-right ideology,0.010995644062456423,p =  0.01
stfdem,Agreeableness,sels,0.07051239485349275,0.011601550320000827,SELECTS,Sat. democracy,1.218103563679006e-9,p < 0.01
polintr,Neuroticism,sels,-0.10086719078492169,0.011447606885252959,SELECTS,Interest,1.2380967161362608e-18,p < 0.01
poleff,Openness,sels,0.013297310663949867,0.012855339658730215,SELECTS,Efficacy,0.30095838956310694,p =  0.3
involvement,Conscientiousness,sels,4.4937739521313e-4,0.01182596818570534,SELECTS,Involvement,0.9696883154988362,p =  0.97
polpar,Extraversion,sels,-0.005119652949995725,0.011086533411469724,SELECTS,Participation,0.6442317490108069,p =  0.64
media,Agreeableness,sels,0.03851869098909192,0.011650726387296705,SELECTS,Media use,9.459781263501656e-4,p < 0.01
poltr,Neuroticism,sels,-0.03827577231659669,0.01175853341558509,SELECTS,Political trust,0.0011333309271565914,p < 0.01
knowledge,Openness,sels,0.031348653912718814,0.012624254155966316,SELECTS,Knowledge,0.013020488999162425,p =  0.01
ideology,Conscientiousness,sels,0.1379930755404304,0.01228608150686523,SELECTS,Left-right ideology,2.8507563077390856e-29,p < 0.01
stfdem,Extraversion,sels,0.021846085725093414,0.011614249595639994,SELECTS,Sat. democracy,0.05997564073048494,p =  0.06
polintr,Agreeableness,sels,-0.004983429076547307,0.01149500537912399,SELECTS,Interest,0.6646298146155503,p =  0.66
poleff,Neuroticism,sels,-0.02458808402740816,0.012850652479785974,SELECTS,Efficacy,0.055700392625192406,p =  0.06
involvement,Openness,sels,0.15023148468578051,0.0116971676771951,SELECTS,Involvement,9.366012105034157e-38,p < 0.01
polpar,Conscientiousness,sels,0.0605705879310499,0.011096679445888673,SELECTS,Participation,4.803290621188951e-8,p < 0.01
media,Extraversion,sels,0.07055746718347619,0.011623976361851631,SELECTS,Media use,1.2791500079831777e-9,p < 0.01
poltr,Agreeableness,sels,0.13945917782495634,0.01163125058318292,SELECTS,Political trust,4.0070409970017614e-33,p < 0.01
knowledge,Neuroticism,sels,-0.09340724420251983,0.012595454554286937,SELECTS,Knowledge,1.2075728347173842e-13,p < 0.01
ideology,Openness,nzes,-0.1503082182469159,0.0220638150529314,NZES,Left-right ideology,9.596306943733364e-12,p < 0.01
stfdem,Conscientiousness,nzes,0.118903621507736,0.020823656977272818,NZES,Sat. democracy,1.1295895526195098e-8,p < 0.01
polintr,Extraversion,nzes,0.13066307356823312,0.02011710822863318,NZES,Interest,8.296611296196654e-11,p < 0.01
poleff,Agreeableness,nzes,0.10432009702335286,0.021856108073340444,NZES,Efficacy,1.8146495084466144e-6,p < 0.01
involvement,Neuroticism,nzes,-0.029744905260013443,0.021905541473830992,NZES,Involvement,0.17450453748815764,p =  0.17
polpar,Openness,nzes,-0.00978092611438965,0.01934317845814515,NZES,Participation,0.6131006348060308,p =  0.61
media,Conscientiousness,nzes,0.03585532719745946,0.024114679384426546,NZES,Media use,0.1370498735583888,p =  0.14
poltr,Extraversion,nzes,NA,NA,NZES,Political trust,NA,p =  NA
knowledge,Agreeableness,nzes,0.01114621828091957,0.019768184230105814,NZES,Knowledge,0.5728587130890415,p =  0.57
ideology,Neuroticism,nzes,-0.05426573711778835,0.02246771895433966,NZES,Left-right ideology,0.015723300414781954,p =  0.02
stfdem,Openness,nzes,-0.047121270778267395,0.020594317870963646,NZES,Sat. democracy,0.02213336047391167,p =  0.02
polintr,Conscientiousness,nzes,0.10927628544689667,0.02028395972433475,NZES,Interest,7.151400853525246e-8,p < 0.01
poleff,Extraversion,nzes,0.08934896000514628,0.021650730123779223,NZES,Efficacy,3.67792360423001e-5,p < 0.01
involvement,Agreeableness,nzes,-0.023379958444637673,0.021971874255869692,NZES,Involvement,0.28728985258648265,p =  0.29
polpar,Neuroticism,nzes,-0.017718438166751498,0.01940871035731566,NZES,Participation,0.36128899982587426,p =  0.36
media,Openness,nzes,0.07798842549133178,0.02403726738038881,NZES,Media use,0.001176654138265695,p < 0.01
poltr,Conscientiousness,nzes,NA,NA,NZES,Political trust,NA,p =  NA
knowledge,Extraversion,nzes,0.008599414736060408,0.019619180834169126,NZES,Knowledge,0.6611567166106707,p =  0.66
ideology,Agreeableness,nzes,0.01611967652724843,0.022189123898414268,NZES,Left-right ideology,0.4675522473706798,p =  0.47
stfdem,Neuroticism,nzes,-0.10124106782823869,0.020743300624691423,NZES,Sat. democracy,1.057295772244406e-6,p < 0.01
polintr,Openness,nzes,0.12792741668803703,0.020185099391422663,NZES,Interest,2.331969604917585e-10,p < 0.01
poleff,Conscientiousness,nzes,0.15943519553380633,0.022023416700034965,NZES,Efficacy,4.5084414123412234e-13,p < 0.01
involvement,Extraversion,nzes,0.05780067138292347,0.021588502554553187,NZES,Involvement,0.007419995062697861,p < 0.01
polpar,Agreeableness,nzes,0.0037787265479927107,0.0193952845675687,NZES,Participation,0.8455283261651351,p =  0.85
media,Neuroticism,nzes,-0.07615286529420603,0.024020502917464832,NZES,Media use,0.0015226711752094153,p < 0.01
poltr,Openness,nzes,NA,NA,NZES,Political trust,NA,p =  NA
knowledge,Conscientiousness,nzes,0.04918027414835103,0.019738628298070292,NZES,Knowledge,0.012717808900345242,p =  0.01
ideology,Extraversion,nzes,0.05183854206920605,0.02190023733223754,NZES,Left-right ideology,0.017931427696828817,p =  0.02
stfdem,Agreeableness,nzes,0.08571517031309213,0.020624497403060695,NZES,Sat. democracy,3.238843707136018e-5,p < 0.01
polintr,Neuroticism,nzes,-0.09412669741235834,0.020389087710446056,NZES,Interest,3.902223271129003e-6,p < 0.01
poleff,Openness,nzes,0.022954976372842866,0.02177858732634868,NZES,Efficacy,0.29187565758240674,p =  0.29
involvement,Conscientiousness,nzes,-0.020223025511362038,0.021982167117529816,NZES,Involvement,0.3575862678375486,p =  0.36
polpar,Extraversion,nzes,-0.0036853861089604805,0.01924859352737707,NZES,Participation,0.8481631652696634,p =  0.85
media,Agreeableness,nzes,0.004246403479985465,0.023643553034274997,NZES,Media use,0.8574658955559562,p =  0.86
poltr,Neuroticism,nzes,NA,NA,NZES,Political trust,NA,p =  NA
knowledge,Openness,nzes,-0.002561198107718556,0.019717203515843572,NZES,Knowledge,0.8966482178737083,p =  0.9
ideology,Conscientiousness,nzes,0.1459150172363605,0.022178895237604055,NZES,Left-right ideology,4.736133709532343e-11,p < 0.01
stfdem,Extraversion,nzes,0.03135862742554938,0.020506717382188955,NZES,Sat. democracy,0.126217829045575,p =  0.13
polintr,Agreeableness,nzes,-0.00454719974154869,0.02038040395630406,NZES,Interest,0.8234450147432426,p =  0.82
poleff,Neuroticism,nzes,-0.15219865869264287,0.021852775607620726,NZES,Efficacy,3.2903665354190425e-12,p < 0.01
involvement,Openness,nzes,0.07972837567357294,0.02197403517208965,NZES,Involvement,2.852944458273319e-4,p < 0.01
polpar,Conscientiousness,nzes,0.04652272445410251,0.019366916425857677,NZES,Participation,0.01629790495788848,p =  0.02
media,Extraversion,nzes,0.0735440122133313,0.02350621745084377,NZES,Media use,0.0017557868606448597,p < 0.01
poltr,Agreeableness,nzes,NA,NA,NZES,Political trust,NA,p =  NA
knowledge,Neuroticism,nzes,-0.07520909969994251,0.01972690146827801,NZES,Knowledge,1.3756010530161623e-4,p < 0.01
ideology,Openness,ces,-0.11253909571182227,0.017042886370741524,CES,Left-right ideology,4.0213584317196064e-11,p < 0.01
stfdem,Conscientiousness,ces,0.017591999218454613,0.01617780738096773,CES,Sat. democracy,0.27685320455637247,p =  0.28
polintr,Extraversion,ces,0.15063919022584607,0.016615125904734598,CES,Interest,1.2302693070308371e-19,p < 0.01
poleff,Agreeableness,ces,0.03836171953674078,0.01612890586191097,CES,Efficacy,0.017385818546927206,p =  0.02
involvement,Neuroticism,ces,0.04779667451347787,0.016318323464640017,CES,Involvement,0.003400339692300711,p < 0.01
polpar,Openness,ces,0.03458634167748885,0.02700604336274946,CES,Participation,0.20030293788055636,p =  0.2
media,Conscientiousness,ces,7.78081803427959e-4,0.017688168023188615,CES,Media use,0.9649133081934564,p =  0.96
poltr,Extraversion,ces,NA,NA,CES,Political trust,NA,p =  NA
knowledge,Agreeableness,ces,0.0021271425515680437,0.017518478884504998,CES,Knowledge,0.9033561680282818,p =  0.9
ideology,Neuroticism,ces,-0.024628806415018595,0.017032016972514073,CES,Left-right ideology,0.14816880548061703,p =  0.15
stfdem,Openness,ces,-0.02830272605415981,0.016279728235798634,CES,Sat. democracy,0.08211822431030799,p =  0.08
polintr,Conscientiousness,ces,0.010160073684696264,0.01676990641040835,CES,Interest,0.5446133389886596,p =  0.54
poleff,Extraversion,ces,0.03594635994739981,0.01620078586317159,CES,Efficacy,0.02650009760721999,p =  0.03
involvement,Agreeableness,ces,-0.09336382811613474,0.01622230501800691,CES,Involvement,8.650081297465016e-9,p < 0.01
polpar,Neuroticism,ces,-0.034494043036161735,0.026937600870075396,CES,Participation,0.2003635370527705,p =  0.2
media,Openness,ces,0.021543631373641507,0.01757626077373397,CES,Media use,0.22030284005451667,p =  0.22
poltr,Conscientiousness,ces,NA,NA,CES,Political trust,NA,p =  NA
knowledge,Extraversion,ces,0.010546655823575585,0.017569134835701977,CES,Knowledge,0.5483099527572106,p =  0.55
ideology,Agreeableness,ces,-0.041482067077902245,0.0170473923105931,CES,Left-right ideology,0.01496032933135452,p =  0.01
stfdem,Neuroticism,ces,-0.07700217097125936,0.01620215103636651,CES,Sat. democracy,2.008279415069667e-6,p < 0.01
polintr,Openness,ces,0.11387411320444624,0.0167196860750934,CES,Interest,9.707059129924045e-12,p < 0.01
poleff,Conscientiousness,ces,-0.014773693970160972,0.016320086042308335,CES,Efficacy,0.36533503301381004,p =  0.37
involvement,Extraversion,ces,0.1381482777839788,0.016191658801598546,CES,Involvement,1.437588220978858e-17,p < 0.01
polpar,Agreeableness,ces,-0.015099377340272512,0.027073917929462815,CES,Participation,0.5770428676615573,p =  0.58
media,Neuroticism,ces,-0.09258067870969805,0.017520481943678338,CES,Media use,1.262966718388336e-7,p < 0.01
poltr,Openness,ces,NA,NA,CES,Political trust,NA,p =  NA
knowledge,Conscientiousness,ces,0.10000987151998325,0.017395193213118245,CES,Knowledge,8.962321885197826e-9,p < 0.01
ideology,Extraversion,ces,0.03744241313155972,0.017008566010055334,CES,Left-right ideology,0.027708734055594708,p =  0.03
stfdem,Agreeableness,ces,0.05860540105346405,0.01617671965873642,CES,Sat. democracy,2.914046060827031e-4,p < 0.01
polintr,Neuroticism,ces,-0.08009556077580751,0.01674336930160354,CES,Interest,1.7208187921041515e-6,p < 0.01
poleff,Openness,ces,0.02429151256964563,0.01624498131304475,CES,Efficacy,0.13482987020667947,p =  0.13
involvement,Conscientiousness,ces,-0.12642888266224347,0.016121643134057027,CES,Involvement,4.427789200496697e-15,p < 0.01
polpar,Extraversion,ces,0.058642535543906485,0.02699764205964746,CES,Participation,0.02984544731865108,p =  0.03
media,Agreeableness,ces,-0.018307364094359246,0.017572435693102285,CES,Media use,0.2974938430086232,p =  0.3
poltr,Neuroticism,ces,NA,NA,CES,Political trust,NA,p =  NA
knowledge,Openness,ces,0.08001630350231644,0.01754680597131039,CES,Knowledge,5.111381669241284e-6,p < 0.01
ideology,Conscientiousness,ces,0.014714030252968642,0.016959368316053904,CES,Left-right ideology,0.38561068886978966,p =  0.39
stfdem,Extraversion,ces,0.032222164522988817,0.016209663030553944,CES,Sat. democracy,0.04682974343719319,p =  0.05
polintr,Agreeableness,ces,-0.043256118681719906,0.016748161783311795,CES,Interest,0.009801964700374968,p < 0.01
poleff,Neuroticism,ces,-0.06353019190885582,0.01618507754857688,CES,Efficacy,8.664602007736156e-5,p < 0.01
involvement,Openness,ces,0.13854052989438936,0.016208537745177005,CES,Involvement,1.2591419290583494e-17,p < 0.01
polpar,Conscientiousness,ces,0.04278685045273158,0.026221931117143337,CES,Participation,0.10273847672938391,p =  0.1
media,Extraversion,ces,0.13379140548477622,0.01745134579382286,CES,Media use,1.7670084613405318e-14,p < 0.01
poltr,Agreeableness,ces,NA,NA,CES,Political trust,NA,p =  NA
knowledge,Neuroticism,ces,-0.12522855430929117,0.01744576724273364,CES,Knowledge,7.065449142526721e-13,p < 0.01
